<?xml version="1.0" encoding="UTF-8"?>
<project-private xmlns="http://www.netbeans.org/ns/project-private/1">
    <editor-bookmarks xmlns="http://www.netbeans.org/ns/editor-bookmarks/2" lastBookmarkId="0"/>
    <open-files xmlns="http://www.netbeans.org/ns/projectui-open-files/2">
        <group>
            <file>file:/C:/Users/Thareendra/Music/ITPSHnew/src/sales_package/dbconnect.java</file>
            <file>file:/C:/Users/Thareendra/Music/ITPSHnew/src/itpshnew/message_box.java</file>
            <file>file:/C:/Users/Thareendra/Music/ITPSHnew/src/itpshnew/searchcus.java</file>
            <file>file:/C:/Users/Thareendra/Music/ITPSHnew/src/itpshnew/newcus.java</file>
            <file>file:/C:/Users/Thareendra/Music/ITPSHnew/src/sales_package/customer_class.java</file>
            <file>file:/C:/Users/Thareendra/Music/ITPSHnew/src/itpshnew/blur_frame.java</file>
            <file>file:/C:/Users/Thareendra/Music/ITPSHnew/src/itpshnew/homenew.java</file>
            <file>file:/C:/Users/Thareendra/Music/ITPSHnew/src/sales_package/bill_class.java</file>
            <file>file:/C:/Users/Thareendra/Music/ITPSHnew/src/itpshnew/purchase.java</file>
        </group>
    </open-files>
</project-private>
